,Close,Volume
2018-01-02,2710.3659451545846,3483800671
2018-01-03,2680.822996746226,2371814162
2018-01-04,2704.34245811552,4857617434
2018-01-05,2733.7792997904135,2715399330
2018-01-08,2677.0183619799595,4035351398
2018-01-09,2640.213140936236,4241332617
2018-01-10,2645.197928065654,3031951359
2018-01-11,2637.27773726902,2392255439
2018-01-12,2638.0563429893923,2890010300
2018-01-15,2614.6727050362106,4420832672
2018-01-16,2641.3556966489245,4719485497
2018-01-17,2665.330375158278,4810721863
2018-01-18,2668.5476037431513,2678933582
2018-01-19,2703.1398615803414,2453107562
2018-01-22,2718.3813515080783,4131077575
2018-01-23,2694.100533155966,4140759829
2018-01-24,2706.349431015697,4055379897
2018-01-25,2679.2393905300514,4978423871
2018-01-26,2706.5530771425174,3580266384
2018-01-29,2706.3658306888465,2488569653
2018-01-30,2702.1647932340097,2335280935
2018-01-31,2683.2882517833677,3557501704
2018-02-01,2751.0257133723244,3599749428
2018-02-02,2743.853280354955,4345771137
2018-02-05,2721.7544281637306,2533737464
2018-02-06,2703.950932422674,3348172348
2018-02-07,2734.203573377515,3839328256
2018-02-08,2755.5831136911997,3043027223
2018-02-09,2779.757598044852,2220343173
2018-02-12,2805.158795652519,4783005207
2018-02-13,2929.3281635808953,3815410896
2018-02-14,2907.009241734222,2776456816
2018-02-15,2878.7608643327126,2118680624
2018-02-16,2833.6467647318386,2324748323
2018-02-19,2870.1493880663243,4278370582
2018-02-20,2937.102425683922,2720746844
2018-02-21,2931.823477466042,3006878984
2018-02-22,2884.3554107210343,2821718505
2018-02-23,2838.5456412543313,4473563552
2018-02-26,2860.3052317415118,2098429997
2018-02-27,2885.170910862372,3056867221
2018-02-28,2903.854046868949,2838064436
2018-03-01,2884.0577098614676,2818866586
2018-03-02,2892.820576312812,4737340086
2018-03-05,2897.926693503089,3135862781
2018-03-06,2906.3009535233896,3254616511
2018-03-07,2935.7026816380317,3155503211
2018-03-08,2944.3450255811294,4940652007
2018-03-09,2967.840070891296,3025060795
2018-03-12,2971.4730584900203,2983771650
2018-03-13,2982.3695111509055,2980900653
2018-03-14,3004.593526207874,2269193832
2018-03-15,2958.237284628608,2075614840
2018-03-16,2949.2685652296163,2677856030
2018-03-19,2935.4568481714196,2606342900
2018-03-20,2916.2992726097837,2874466830
2018-03-21,2908.882175709478,3798490927
2018-03-22,2958.5320898879145,3053597924
2018-03-23,2931.8953395943595,4785578524
2018-03-26,2964.712755609133,2134739867
2018-03-27,2911.733423134858,3512658066
2018-03-28,2902.4199268506995,3595471566
2018-03-29,2909.016729020916,4799930688
2018-03-30,2929.241676126154,2943744706
2018-04-02,2953.665874797005,4321818315
2018-04-03,2980.985313218905,2204012137
2018-04-04,2970.9979666835015,4294270063
2018-04-05,2957.3454022147516,4200251840
2018-04-06,2986.8214957407254,3436778208
2018-04-09,2981.9737977301907,2509495008
2018-04-10,2941.8330690576813,3303047744
2018-04-11,2906.782270963578,2365503206
2018-04-12,2878.9128649470517,4142816891
2018-04-13,2896.0898906213843,4419196185
2018-04-16,2902.0233387200037,4293029548
2018-04-17,2925.5530379419615,2925378866
2018-04-18,2913.2338607316,2204199374
2018-04-19,2919.719917760747,4787726731
2018-04-20,2941.2927260220563,3478454686
2018-04-23,2932.7084317824715,2283024507
2018-04-24,2948.89611823637,4982807536
2018-04-25,2928.908177046648,3336493349
2018-04-26,2918.635245807264,2108894082
2018-04-27,2907.800660365392,2279812715
2018-04-30,2871.1790738053674,2829698435
2018-05-01,2887.98627848938,2400268367
2018-05-02,2874.4922330547665,2102538232
2018-05-03,2876.267594075177,4310560847
2018-05-04,2892.906461048066,4217638140
2018-05-07,2908.546685240704,4397668764
2018-05-08,2931.319818921064,4408553349
2018-05-09,2929.551768876924,3807230758
2018-05-10,2917.342648326056,4570581175
2018-05-11,2916.18498384937,3044080116
2018-05-14,2863.9321864279636,2293649840
2018-05-15,2820.0576660595198,2827771525
2018-05-16,2780.658132412456,4936561524
2018-05-17,2751.6422709238973,4555378876
2018-05-18,2765.096235780887,2127373857
2018-05-21,2739.006243455624,3977692218
2018-05-22,2728.945802388243,3387806514
2018-05-23,2769.555652093822,4913580833
2018-05-24,2760.047774672623,3178205035
2018-05-25,2783.8661429974713,4551439356
2018-05-28,2756.7456343028402,3275307895
2018-05-29,2751.8435059390804,4638235200
2018-05-30,2724.543279665679,2555328858
2018-05-31,2715.7046150614733,2811022911
2018-06-01,2742.239263134738,4583320696
2018-06-04,2691.9189707145392,4681229385
2018-06-05,2706.1121433694007,4750263218
2018-06-06,2714.5007835107085,3277912893
2018-06-07,2698.112389430613,4270918038
2018-06-08,2656.808995969367,2983423161
2018-06-11,2660.1943969310155,4221172478
2018-06-12,2646.0151250656395,3507536147
2018-06-13,2654.069759426369,2772116938
2018-06-14,2655.9823700300126,3123408800
2018-06-15,2704.4921820521304,4300349522
2018-06-18,2698.6759118491964,3055789828
2018-06-19,2669.7445062374086,3825154757
2018-06-20,2676.2988375882815,3697370657
2018-06-21,2684.0712710354805,3653654886
2018-06-22,2725.810557344546,3240224732
2018-06-25,2752.286607530649,3449945088
2018-06-26,2764.438779944731,4471737082
2018-06-27,2810.644940718384,4895149348
2018-06-28,2775.462998765761,2770165283
2018-06-29,2757.3230863433027,4008422549
2018-07-02,2730.672668237349,2022752892
2018-07-03,2720.2942908828268,4354166062
2018-07-04,2680.69616006681,4902779077
2018-07-05,2700.786920070987,3734802592
2018-07-06,2695.4865679443014,2498043640
2018-07-09,2653.500902803511,2426311777
2018-07-10,2625.2824588434155,3675027524
2018-07-11,2635.6165671387575,2680190691
2018-07-12,2661.3048248879318,4454682057
2018-07-13,2721.710595392778,2909987451
2018-07-16,2811.710635283969,3752486447
2018-07-17,2825.9131996998713,2949601259
2018-07-18,2796.662241677449,2790347942
2018-07-19,2733.1482242810607,4788796915
2018-07-20,2742.5248290710415,4820187383
2018-07-23,2719.4145400798043,4163121663
2018-07-24,2708.3177472245416,2780690097
2018-07-25,2691.4352994099218,2176545611
2018-07-26,2688.5604995992735,3010804648
2018-07-27,2721.5775741061066,3793568099
2018-07-30,2727.592186081336,2541917198
2018-07-31,2724.1440091719905,2036746455
2018-08-01,2694.579230298331,3536728912
2018-08-02,2646.6655112098692,2884653538
2018-08-03,2633.8091991590463,2209436335
2018-08-06,2633.515261229774,3988773354
2018-08-07,2686.5202907385506,3137079087
2018-08-08,2691.6645760672664,2356032100
2018-08-09,2722.2260283102955,4811154291
2018-08-10,2708.6156843161993,2783710795
2018-08-13,2674.823255229782,4684185744
2018-08-14,2647.847434299746,2776229916
2018-08-15,2628.069468516068,2557923259
2018-08-16,2691.6185424534206,2781927236
2018-08-17,2668.6892862273885,2969797652
2018-08-20,2694.710639168653,3762904923
2018-08-21,2669.3596978868727,3000345258
2018-08-22,2698.148867559566,4154187009
2018-08-23,2710.899216053974,2468873965
2018-08-24,2707.5316160095026,2312454480
2018-08-27,2707.6172084272016,4164586575
2018-08-28,2689.475853381904,4291994480
2018-08-29,2704.002597516903,3366056363
2018-08-30,2691.7951162694985,2943427034
2018-08-31,2657.0238342937655,2771573560
2018-09-03,2621.192387035793,3447128013
2018-09-04,2627.4342269407243,4312619662
2018-09-05,2674.755019645413,4762868159
2018-09-06,2680.7529390267446,2263278147
2018-09-07,2678.5421720727036,4694789822
2018-09-10,2688.267054641127,2342057573
2018-09-11,2728.4748431427533,3753428518
2018-09-12,2736.3803176380434,4788896562
2018-09-13,2725.347098351591,4842479134
2018-09-14,2760.039445172664,3033002251
2018-09-17,2774.4188231891526,2978646732
2018-09-18,2823.0408175434955,3065494660
2018-09-19,2830.0947365303846,4048417975
2018-09-20,2793.5718990076225,4212288706
2018-09-21,2753.165323163116,3248485039
2018-09-24,2804.9661849187178,2923175905
2018-09-25,2860.0291198428617,2570135647
2018-09-26,2855.7573951602176,3653172488
2018-09-27,2845.1108635204296,4695126151
2018-09-28,2892.6062775901905,2759922801
2018-10-01,2858.9671389474124,2201467032
2018-10-02,2832.326396433339,3773174890
2018-10-03,2853.8102091894666,2349497118
2018-10-04,2842.8138688830973,3961191417
2018-10-05,2844.018509049538,3017047572
2018-10-08,2840.272925661165,3765279087
2018-10-09,2852.2081055558397,3966378177
2018-10-10,2898.1012137028183,3337192397
2018-10-11,2902.383229079027,4397313638
2018-10-12,2924.418125244196,4666159681
2018-10-15,2860.577810995039,3206657635
2018-10-16,2860.4179022389685,4628801698
2018-10-17,2835.369321553871,3464524992
2018-10-18,2798.9525479758663,2409411661
2018-10-19,2773.376639222057,4551642500
2018-10-22,2764.5288518648704,3105032491
2018-10-23,2793.8627912323595,3611517944
2018-10-24,2754.7173205519525,2181892225
2018-10-25,2756.9686965026094,3106635141
2018-10-26,2743.6411196814693,3630174435
2018-10-29,2735.082253928289,2763647943
2018-10-30,2766.745849600754,3993776213
2018-10-31,2784.5077738391196,3157763873
2018-11-01,2827.131222038496,2564392921
2018-11-02,2823.68546048521,2590878627
2018-11-05,2803.496992602237,3164461503
2018-11-06,2797.9447138074697,3036150179
2018-11-07,2806.765019556834,4078338575
2018-11-08,2813.572107050277,3601716897
2018-11-09,2781.5452531056585,4992601252
2018-11-12,2785.652139354647,4315581621
2018-11-13,2793.995133171076,2869552160
2018-11-14,2873.8274091343033,3762558477
2018-11-15,2935.183651056349,2796972000
2018-11-16,2909.159905478335,4898607875
2018-11-19,2901.3702640768197,2368734280
2018-11-20,2856.4090763345694,4729392729
2018-11-21,2839.271459949773,3054885690
2018-11-22,2850.513478984346,2176156044
2018-11-23,2889.9625279895413,4132897830
2018-11-26,2868.25437705151,3287296613
2018-11-27,2849.056830638182,4971125553
2018-11-28,2783.8860840893317,4094955222
2018-11-29,2780.2434573033056,4960135736
2018-11-30,2749.2604270955453,4401411183
2018-12-03,2734.608021450383,3375128872
2018-12-04,2709.6585689754174,2056563295
2018-12-05,2708.1500124595923,2278356362
2018-12-06,2657.566188547569,3331153085
2018-12-07,2616.2794192877277,3686027523
2018-12-10,2679.566312617275,2090455935
2018-12-11,2643.15507930106,2379691376
2018-12-12,2612.711753612593,4254558680
2018-12-13,2667.3213171976977,2089434063
2018-12-14,2755.256262977698,3523030992
2018-12-17,2721.2823537053137,4502220185
2018-12-18,2711.5826937492056,3794524603
2018-12-19,2723.0963458577958,4779772961
2018-12-20,2776.7058231912597,4527365003
2018-12-21,2748.0452521778548,3574101796
2018-12-24,2741.9566879641575,4607161358
2018-12-25,2766.8306585969453,2297115804
2018-12-26,2781.4292808592822,3668570890
2018-12-27,2771.274183852851,4126927753
2018-12-28,2768.526297316001,2648807928
2018-12-31,2728.279803817491,3465103099
2019-01-01,2722.4477695961214,3260667436
2019-01-02,2715.785224043042,2061583481
2019-01-03,2724.037071244857,2564312684
2019-01-04,2708.7476272442473,4690978344
2019-01-07,2724.141470170935,4113627714
2019-01-08,2755.9802740033006,2613078635
2019-01-09,2762.0217184361536,4075000062
2019-01-10,2774.0607980261752,2280748835
2019-01-11,2777.0159379369666,3484468760
2019-01-14,2778.3518047600833,4664086274
2019-01-15,2757.7103098104662,2249802616
2019-01-16,2768.656472082337,2599384791
2019-01-17,2767.0230243542546,2825294462
2019-01-18,2832.8318731624145,2494863506
2019-01-21,2883.6699673674157,3760254655
2019-01-22,2897.3255554550456,3819495141
2019-01-23,2874.4876794569595,4082342932
2019-01-24,2840.891563532685,2118570855
2019-01-25,2879.7414223549013,2218461578
2019-01-28,2889.4632195383992,4185445600
2019-01-29,2906.1591368541394,3850277507
2019-01-30,2852.289141054578,2129525674
2019-01-31,2882.920095621512,4697117702
2019-02-01,2898.7578750436455,2014572012
2019-02-04,2864.9405191833525,4188485262
2019-02-05,2851.4875796408082,4846621270
2019-02-06,2861.144458559944,2939377108
2019-02-07,2864.1706731597124,4269509142
2019-02-08,2856.3510593468973,2632737423
2019-02-11,2854.471139700207,3414920571
2019-02-12,2847.9368924480755,3458135748
2019-02-13,2854.089911926275,3308409267
2019-02-14,2902.0559500190634,2277181934
2019-02-15,2822.6218618039634,4359568720
2019-02-18,2816.62916477111,3794503639
2019-02-19,2823.458282627649,3899265581
2019-02-20,2834.0262644520876,4985028251
2019-02-21,2823.8108797375426,4479731082
2019-02-22,2771.0973828779897,3176515335
2019-02-25,2782.448677269283,3154050417
2019-02-26,2837.1845690236005,2009062115
2019-02-27,2791.0552107632193,4286564239
2019-02-28,2819.055343407881,2443635748
2019-03-01,2810.234879234512,2862419055
2019-03-04,2809.6881511945676,2824109166
2019-03-05,2778.6678309390727,2523611394
2019-03-06,2769.7930257199732,3488866227
2019-03-07,2811.0359699777837,3846392158
2019-03-08,2830.4686415166907,2200934038
2019-03-11,2886.306691203773,2079716494
2019-03-12,2925.3357314871328,3209820748
2019-03-13,2940.910441999468,4237558918
2019-03-14,2999.3106752488898,2240831960
2019-03-15,3015.2761321201315,2878967463
2019-03-18,3044.325244545021,3192143915
2019-03-19,3035.8668500846784,4958089228
2019-03-20,3039.5485634478114,2994243328
2019-03-21,3017.7675720165835,4496440059
2019-03-22,3052.2614251506056,2465508851
2019-03-25,3014.401873436016,3130205834
2019-03-26,3041.9150893058077,4480287079
2019-03-27,3036.999796416635,2287588253
2019-03-28,3077.8578047346878,2631534712
2019-03-29,3104.874810625301,4604709320
2019-04-01,3169.204162932631,4497380650
2019-04-02,3196.316411243549,3108714818
2019-04-03,3143.0277359736097,3666786308
2019-04-04,3142.221700185565,3703236796
2019-04-05,3103.4612423867516,3960281006
2019-04-08,3087.3000544705087,2207419834
2019-04-09,3140.5578800274316,4092489379
2019-04-10,3164.178058958029,2207414486
2019-04-11,3141.451926879603,3550879798
2019-04-12,3108.1080564921103,4183642675
2019-04-15,3110.7218399391986,4845132366
2019-04-16,3070.8446083584836,2864179905
2019-04-17,3049.7209585660935,2023919307
2019-04-18,3061.675152477367,4171235870
2019-04-19,3102.321288510311,2004639974
2019-04-22,3124.6647899472005,4971481136
2019-04-23,3048.357209341081,4587643400
2019-04-24,3060.048788044815,4122618898
2019-04-25,3063.9447782397947,4506590593
2019-04-26,3079.4038470157116,2226054266
2019-04-29,3136.1449683919036,2168866438
2019-04-30,3067.241757854829,3632120115
2019-05-01,3048.825912733389,4204959269
2019-05-02,3070.1810672319984,2704110466
2019-05-03,3018.678041711046,3411000239
2019-05-06,3069.5606498166635,4303768662
2019-05-07,3083.5032310137713,2855108510
2019-05-08,3113.8465263094563,4386576578
2019-05-09,3095.8373129688066,3466694903
2019-05-10,3125.1735181215035,2084062380
2019-05-13,3163.6391494711297,3501982521
2019-05-14,3173.2765078450225,4667874293
2019-05-15,3182.9965442278913,4967275817
2019-05-16,3194.008906296478,3203105991
2019-05-17,3165.3386247733506,2450388669
2019-05-20,3161.7232930071846,3716488662
2019-05-21,3157.9386127074517,4492111815
2019-05-22,3172.80739487788,4835014833
2019-05-23,3209.4348941471003,2871647937
2019-05-24,3173.8043517864653,3432946308
2019-05-27,3170.9647526776994,2294763694
2019-05-28,3224.609607544061,4659004471
2019-05-29,3199.8771565128955,3995641896
2019-05-30,3172.5880370892287,4755888241
2019-05-31,3181.182676180624,4055643857
2019-06-03,3212.4094899647266,4289620507
2019-06-04,3214.355792747652,4482409170
2019-06-05,3263.2561914144785,3255724373
2019-06-06,3295.7384739672066,3099743190
2019-06-07,3327.995873899644,3049521122
2019-06-10,3349.9504834195727,2794482121
2019-06-11,3438.480809733483,2980695055
2019-06-12,3432.3768150208634,4088686748
2019-06-13,3359.171025629721,2916441836
2019-06-14,3420.6172695095997,4297343242
2019-06-17,3405.072832391394,2752558674
2019-06-18,3410.752747822691,2122089669
2019-06-19,3461.901732094989,2449824433
2019-06-20,3403.053839831628,4616312905
2019-06-21,3358.132773471084,2635939713
2019-06-24,3301.084464242021,3806358175
2019-06-25,3273.9445450502208,2401359276
2019-06-26,3291.395185710723,3355985877
2019-06-27,3312.0177962140965,4081578002
2019-06-28,3323.6933709588857,4901377549
2019-07-01,3274.0121860552404,4542999403
2019-07-02,3193.3964338843125,2293500829
2019-07-03,3196.8404179594604,2451801782
2019-07-04,3181.820178685562,2340565686
2019-07-05,3199.474762985023,2141751016
2019-07-08,3225.823123114399,2886463309
2019-07-09,3232.2833448877823,4286754044
2019-07-10,3260.9881708732596,2531816776
2019-07-11,3270.790158689206,2215586497
2019-07-12,3291.4964395795337,3029735624
2019-07-15,3267.64943866065,3683544957
2019-07-16,3262.765585262461,2032804162
2019-07-17,3271.405509045311,2918397349
2019-07-18,3302.6511511510066,2591302136
2019-07-19,3289.9565966358164,4913429014
2019-07-22,3310.460196802182,2772852267
2019-07-23,3302.3785622602063,3511850444
2019-07-24,3299.6949388932676,2371777677
2019-07-25,3331.5402377053215,3172844276
2019-07-26,3260.8603344040384,3665766859
2019-07-29,3216.2300162071074,3835534357
2019-07-30,3165.7368225649334,3789335297
2019-07-31,3086.9886059081814,2664258121
2019-08-01,3065.513664371188,4376812511
2019-08-02,3092.3734985934007,4075246838
2019-08-05,3084.17806958099,4259219820
2019-08-06,3092.3795787349422,3403561429
2019-08-07,3131.156036857735,3169574009
2019-08-08,3178.7461439000954,4417318094
2019-08-09,3177.8545757276665,2610587685
2019-08-12,3227.0737026174525,3580234529
2019-08-13,3231.896593018503,2892235876
2019-08-14,3203.8005115356787,4617951278
2019-08-15,3184.4492721058077,3602549968
2019-08-16,3134.511872587703,4795833107
2019-08-19,3105.528738522636,3618205486
2019-08-20,3094.8077982406835,4045687714
2019-08-21,3123.784472409491,3498221378
2019-08-22,3185.004515728382,3250737609
2019-08-23,3138.4520798322037,2590792394
2019-08-26,3153.5563383937033,3612312719
2019-08-27,3119.1634129310905,4755015424
2019-08-28,3136.998644031301,2321861172
2019-08-29,3133.982449232041,2710105983
2019-08-30,3072.9701814983473,4930141619
2019-09-02,3106.000378612648,2202122915
2019-09-03,3086.8798972385334,4794385787
2019-09-04,3070.2774624415706,4289010272
2019-09-05,3035.817238614159,4513543980
2019-09-06,3015.493636348849,2290803624
2019-09-09,3031.1750160986894,2459640792
2019-09-10,3026.3239062251055,4700834298
2019-09-11,3038.7429685447482,4786232943
2019-09-12,3052.329510749428,4177102911
2019-09-13,3098.482115197809,2318114667
2019-09-16,3088.3028596345393,2166761046
2019-09-17,3039.9962068619793,4075541183
2019-09-18,3077.3711637145607,3894885625
2019-09-19,3067.6424787477954,2786307000
2019-09-20,3106.9758613237304,2177390400
2019-09-23,3121.604116183346,4484593557
2019-09-24,3118.6009776758815,4675649445
2019-09-25,3132.091622903987,4155051688
2019-09-26,3201.5727379013506,4637793032
2019-09-27,3277.133002253304,3405093637
2019-09-30,3281.2096428782875,2967389955
2019-10-01,3288.5746851037225,4765127592
2019-10-02,3329.3360050514157,4091820984
2019-10-03,3300.0928844094155,2571483463
2019-10-04,3313.7960957255373,4870914753
2019-10-07,3314.4440349379774,3762565341
2019-10-08,3327.505379497948,2571629665
2019-10-09,3298.7243432916757,3237957269
2019-10-10,3243.1030036852853,3311384126
2019-10-11,3171.509859526425,4268362428
2019-10-14,3134.2707946259816,4993002176
2019-10-15,3119.9941209210206,3495416801
2019-10-16,3111.441146593718,2481167971
2019-10-17,3179.9820522608147,2019196021
2019-10-18,3220.4512191248464,2607215838
2019-10-21,3188.078797795146,4073281083
2019-10-22,3201.83239897751,3618313275
2019-10-23,3189.057472584764,3013491491
2019-10-24,3180.6240121614705,3444126191
2019-10-25,3188.6447712343875,3714709352
2019-10-28,3211.9777605959193,3446151454
2019-10-29,3201.549876274511,3212829368
2019-10-30,3240.790870167911,3748934785
2019-10-31,3201.8733976209774,4270585800
2019-11-01,3203.634046374519,3755574053
2019-11-04,3298.079125912589,3035837579
2019-11-05,3307.769493183977,4160648086
2019-11-06,3361.9442507516524,2567722938
2019-11-07,3366.946244462826,3924641609
2019-11-08,3390.1518797998638,2856409991
2019-11-11,3389.661647965169,4370729465
2019-11-12,3384.9381152992196,4395574458
2019-11-13,3357.6499774329295,3874281903
2019-11-14,3375.200171848469,4840094334
2019-11-15,3345.3379626955425,3612522986
2019-11-18,3371.5384760099855,2075413562
2019-11-19,3413.6678132668217,3818589286
2019-11-20,3429.104552864073,4333089784
2019-11-21,3419.9653783056947,2303580099
2019-11-22,3438.7362994853756,4532740869
2019-11-25,3428.7255949731475,3582199341
2019-11-26,3465.856068912482,4618961645
2019-11-27,3398.3641957015907,4037154668
2019-11-28,3387.467241952288,2993005513
2019-11-29,3315.682828718128,3196213148
2019-12-02,3263.1660817791094,2665213962
2019-12-03,3314.081128811263,2044982355
2019-12-04,3348.4830893458225,4202049679
2019-12-05,3323.681823926678,4482322556
2019-12-06,3270.7705964552006,3139991161
2019-12-09,3167.351647674086,3780368817
2019-12-10,3149.983912719586,4882412530
2019-12-11,3236.5304617015377,3774087828
2019-12-12,3253.611590194,2887662616
2019-12-13,3235.19868289087,3015774329
2019-12-16,3253.3532219097406,4181396646
2019-12-17,3199.5036331937026,3338750062
2019-12-18,3190.587681987449,4511916978
2019-12-19,3195.6144273195555,4592325060
2019-12-20,3194.122081477754,2107501125
2019-12-23,3223.575471917666,4169960992
2019-12-24,3237.37312159849,3559260978
2019-12-25,3262.826428045558,2794381360
2019-12-26,3239.768015584221,3104697158
2019-12-27,3273.4932818225066,2151139214
2019-12-30,3334.2774626916066,4348314061
2019-12-31,3300.468269693493,2429022203
2020-01-01,3269.9663884663055,2579075568
2020-01-02,3319.961989109247,2481828235
2020-01-03,3314.5721483234965,3120150629
2020-01-06,3367.769262446527,4756297568
2020-01-07,3353.024225323261,4832430940
2020-01-08,3408.7586534261195,3145100656
2020-01-09,3415.3314238298317,3515460184
2020-01-10,3426.690939371642,4957095879
2020-01-13,3487.855066146095,2317250411
2020-01-14,3475.6707354762107,3014916573
2020-01-15,3441.5265405478995,2111252613
2020-01-16,3426.2313606208686,4447191906
2020-01-17,3444.9748427812187,3150028379
2020-01-20,3387.774621895461,4317517417
2020-01-21,3413.25175939621,4404216618
2020-01-22,3394.7120705096468,4408114927
2020-01-23,3439.4957860428394,3720446825
2020-01-24,3351.7011518311956,2332462308
2020-01-27,3324.4219186418827,4703792832
2020-01-28,3264.885359848841,4877288189
2020-01-29,3236.9001439740487,2561487617
2020-01-30,3247.2888592642735,3206414224
2020-01-31,3242.4491611363774,2152832266
2020-02-03,3234.976957063479,4795226253
2020-02-04,3230.8678046923046,3946320828
2020-02-05,3239.658885405415,4974421713
2020-02-06,3205.4553190803945,3656759360
2020-02-07,3232.026990250767,2635223307
2020-02-10,3257.2354601285124,3495800114
2020-02-11,3272.6309541765186,2593604221
2020-02-12,3294.307906780764,4049044868
2020-02-13,3306.6536642402157,4317846002
2020-02-14,3383.1340268541867,4851488808
2020-02-17,3381.517153889601,3492083613
2020-02-18,3371.7319883871205,4487451470
2020-02-19,3345.505328909479,4535361857
2020-02-20,3364.3066821985426,3796670237
2020-02-21,3442.793546067838,3976889891
2020-02-24,3315.045603182742,2168475185
2020-02-25,3244.304263784235,4341836702
2020-02-26,3253.3122623727095,3926952234
2020-02-27,3206.5634773882616,4641609388
2020-02-28,3069.0176139165437,3387800181
2020-03-02,3052.0510228990015,4047809288
2020-03-03,3047.651460558873,3259296100
2020-03-04,3006.153223464348,4616359300
2020-03-05,2974.993323654016,2290258694
2020-03-06,2909.1619685553483,4106301091
2020-03-09,2971.042611567865,2698196439
2020-03-10,2859.0418275779157,2951413099
2020-03-11,2772.902022667529,4509922238
2020-03-12,2729.8863555500243,3080548137
2020-03-13,2746.4927665789464,2437496901
2020-03-16,2603.8244848639597,2062911651
2020-03-17,2480.139504217666,2680095955
2020-03-18,2319.7571574648537,4744056042
2020-03-19,2285.010904203932,3645842177
2020-03-20,2186.9416480785694,4984498483
2020-03-23,2220.0333839569907,2645393653
2020-03-24,2016.9880916379389,3054437061
2020-03-25,1926.7438399415687,2489620053
2020-03-26,1905.1491352613575,3689948724
2020-03-27,1826.0496472612801,4424386873
2020-03-30,1879.885423784264,3104279812
2020-03-31,2037.2129879872364,4314593782
2020-04-01,1944.4868319452794,3878477856
2020-04-02,1881.3311155359895,2875437171
2020-04-03,1900.0448691027248,3302735645
2020-04-06,2027.4972428924864,4740300978
2020-04-07,1931.6743673205647,2148624228
2020-04-08,1951.9495054397778,4842132945
2020-04-09,2100.468832900215,4487262749
2020-04-10,1967.1193380478203,3893857751
2020-04-13,1869.7550619498543,3614722690
2020-04-14,1839.2229545504922,3917637979
2020-04-15,1819.1515844874505,3542002401
2020-04-16,1852.8545657000284,3579819641
2020-04-17,1863.6258506181455,2049446601
2020-04-20,1793.1158535307125,4874277737
2020-04-21,1814.4344761025527,3756811283
2020-04-22,1792.3865145679279,2523768569
2020-04-23,1844.2373267607952,2429871151
2020-04-24,1819.822362310874,2989579416
2020-04-27,1795.3740003376627,2037191641
2020-04-28,1817.7477820932077,4421030782
2020-04-29,1849.4025389667659,3521570357
2020-04-30,1868.6211781785091,3310967864
2020-05-01,1801.4604193870123,4491141942
2020-05-04,1823.785776613694,2749478262
2020-05-05,1783.6104640814115,2413474003
2020-05-06,1793.7272814302273,3582634623
2020-05-07,1739.2492897607854,3125834418
2020-05-08,1757.2545295534064,2139875454
2020-05-11,1727.1756269528757,2518781922
2020-05-12,1679.9256332411412,3846844745
2020-05-13,1707.3348193984489,2958996702
2020-05-14,1717.25957348105,4813375080
2020-05-15,1695.033084220979,3650407012
2020-05-18,1750.8619228645878,3629927528
2020-05-19,1734.8029626613952,3497840770
2020-05-20,1736.862300143268,2327215752
2020-05-21,1748.0070413134508,2977341481
2020-05-22,1725.166650643662,3646427304
2020-05-25,1743.977899916999,4078314707
2020-05-26,1724.457833572967,2075120608
2020-05-27,1717.4913009604197,2766145902
2020-05-28,1744.2658472097407,3391159183
2020-05-29,1725.241951900356,4618730554
2020-06-01,1680.8619359820495,2092984364
2020-06-02,1711.7342295566389,3845599913
2020-06-03,1761.260301883581,4034931824
2020-06-04,1754.267992262912,2346225711
2020-06-05,1718.1127551354773,4240195144
2020-06-08,1713.0769324811627,3549723514
2020-06-09,1708.5117618259635,3811833994
2020-06-10,1705.7647000198763,2969374952
2020-06-11,1685.810144425651,3188195753
2020-06-12,1697.406365517541,3429533658
2020-06-15,1708.047661492558,4178126953
2020-06-16,1681.0061921222973,2299855566
2020-06-17,1694.798241294304,3375751165
2020-06-18,1734.3335817317723,2241175316
2020-06-19,1738.4515452992969,4986665898
2020-06-22,1732.8444061225657,3131671224
2020-06-23,1730.9704212461793,3975901725
2020-06-24,1743.561765772117,3920996379
2020-06-25,1711.5041866212282,3426901374
2020-06-26,1715.4251021712216,4480324483
2020-06-29,1708.8930461134753,3110449999
2020-06-30,1744.8208656326774,3635614703
2020-07-01,1742.3172751094085,2475547010
2020-07-02,1775.4301972993412,3859747940
2020-07-03,1754.8468893245963,4090174835
2020-07-06,1767.0676209543894,4403163568
2020-07-07,1774.1383426431148,4576898748
2020-07-08,1758.1029256659688,4787245748
2020-07-09,1762.3827027050488,2366868610
2020-07-10,1786.9038134909479,2413974352
2020-07-13,1781.4055727183,4778546588
2020-07-14,1749.3969195654718,2078052210
2020-07-15,1749.8987341459456,4508599252
2020-07-16,1733.4458807548867,2230221279
2020-07-17,1727.759557423538,4166327652
2020-07-20,1727.0384280076228,2583884634
2020-07-21,1695.7512802985389,2011682438
2020-07-22,1666.6800173027166,3805991602
2020-07-23,1676.345907195742,4601148105
2020-07-24,1667.5349592385073,3003077679
2020-07-27,1621.9259090488652,2613815587
2020-07-28,1636.774538261458,2497978734
2020-07-29,1642.4739768016152,2600476268
2020-07-30,1630.4091645830806,2261499445
2020-07-31,1607.7342219087257,3207112649
2020-08-03,1623.3627332151557,4564045299
2020-08-04,1630.3954877672718,4302983097
2020-08-05,1674.4943532239743,4679390917
2020-08-06,1683.0595799404646,4340645273
2020-08-07,1691.0642258285718,3957701754
2020-08-10,1688.7723467798457,4589201848
2020-08-11,1704.8316681062954,2373231165
2020-08-12,1717.4185401811574,4454775191
2020-08-13,1742.065171800781,2886172383
2020-08-14,1732.9354070039453,4739954889
2020-08-17,1725.4834213423326,3488075228
2020-08-18,1717.2378873971334,2266203478
2020-08-19,1733.0726641305073,3110685386
2020-08-20,1762.7199784335521,3220567517
2020-08-21,1754.687560651642,3705397864
2020-08-24,1747.3464134153276,3233609530
2020-08-25,1754.2355033883944,4002190663
2020-08-26,1750.3395101293297,3567131097
2020-08-27,1769.615630495612,3370236794
2020-08-28,1727.150282704284,4116818945
2020-08-31,1712.3369233493142,4260381617
2020-09-01,1698.4778705345616,3471769876
2020-09-02,1656.4695551530795,2094743991
2020-09-03,1639.7905834767585,2432471446
2020-09-04,1624.1454871434282,3842596410
2020-09-07,1621.3346566838393,4411302640
2020-09-08,1642.09406628119,2697656786
2020-09-09,1638.4597600730647,4359793989
2020-09-10,1620.7640582128984,2154971200
2020-09-11,1620.526633745742,3053668782
2020-09-14,1640.1243937568022,4763590653
2020-09-15,1623.389977953436,3478513399
2020-09-16,1607.9823882419796,2258846014
2020-09-17,1618.6690810294042,2813413658
2020-09-18,1615.5046092017783,3482779330
2020-09-21,1627.8330138718186,2592446155
2020-09-22,1628.3701006217195,3129241206
2020-09-23,1641.774840387555,3674029751
2020-09-24,1623.967155602921,4469202849
2020-09-25,1624.5308818222168,4741714101
2020-09-28,1621.548400990388,4706449004
2020-09-29,1600.7730929925783,3053001079
2020-09-30,1574.2334230103718,4632430943
2020-10-01,1586.9146789651388,4728128204
2020-10-02,1581.5592087742816,4878788785
2020-10-05,1564.6249055961923,3053008571
2020-10-06,1563.7208632688066,2685008694
2020-10-07,1584.004853481835,4795472871
2020-10-08,1545.5011723630073,3713639573
2020-10-09,1520.9957446877822,2447717196
2020-10-12,1506.3559630652996,3267485251
2020-10-13,1531.49813915008,4142363338
2020-10-14,1537.003726453419,3681121687
2020-10-15,1550.7758881659781,3027807069
2020-10-16,1532.183142040202,2865659020
2020-10-19,1514.1567963583448,4008130708
2020-10-20,1522.3644186430342,2723943013
2020-10-21,1524.0719729317018,2247283967
2020-10-22,1534.0354458493982,4499912614
2020-10-23,1531.6068737883684,4663285026
2020-10-26,1537.03772616534,3630437904
2020-10-27,1540.4526772756974,3890455907
2020-10-28,1554.4344174605785,4096861035
2020-10-29,1569.0476640336956,3562926897
2020-10-30,1542.077078513543,3285778754
2020-11-02,1505.146605650589,3393204878
2020-11-03,1522.554483060644,3845462921
2020-11-04,1543.3177485526683,4468807631
2020-11-05,1526.8207434677718,3133196041
2020-11-06,1496.6203088475245,2595148889
2020-11-09,1498.970923389029,4149868269
2020-11-10,1515.1251488985733,4279955033
2020-11-11,1546.1246615796408,3724607125
2020-11-12,1555.6770536133138,2860465890
2020-11-13,1550.072914535848,4588779124
2020-11-16,1535.6558208098327,4485483023
2020-11-17,1536.5866552713305,4188231378
2020-11-18,1532.271978300017,4767186065
2020-11-19,1515.9856782728,4396249482
2020-11-20,1551.2827235741734,2014981876
2020-11-23,1582.8056572208047,3993739128
2020-11-24,1603.478834062008,2509673936
2020-11-25,1588.080709017014,4539029050
2020-11-26,1603.8570722832474,2201120765
2020-11-27,1615.9568999548267,2531986182
2020-11-30,1624.6221908143218,3260488563
2020-12-01,1647.8997671391842,4441747050
2020-12-02,1660.2541470767665,2201654441
2020-12-03,1674.6276597800838,4733155781
2020-12-04,1687.2109108749253,4780846998
2020-12-07,1694.360735510134,2626080632
2020-12-08,1662.2395175115105,3183277788
2020-12-09,1664.568002696608,3227343796
2020-12-10,1655.2093898620035,3696397748
2020-12-11,1632.8537809624383,3612011251
2020-12-14,1664.1412966703836,2317827070
2020-12-15,1696.9087295744155,4288000656
2020-12-16,1723.2975368994998,2677325581
2020-12-17,1728.9719366484287,4522088511
2020-12-18,1755.6933531681977,3182252267
2020-12-21,1756.7691940457987,2549581977
2020-12-22,1761.53785180172,3474831002
2020-12-23,1741.312295678851,4417450883
2020-12-24,1749.7727567783477,3822153055
2020-12-25,1751.7760718017837,2210343295
2020-12-28,1727.6826435492842,4217304555
2020-12-29,1727.538961216834,3168060511
2020-12-30,1726.853220848172,3401820103
2020-12-31,1762.1840505972073,3700854400
2021-01-01,1780.4574473425694,3341827060
2021-01-04,1781.5365530892286,2855591017
2021-01-05,1787.2763777689008,3195934462
2021-01-06,1789.0043223123098,3493513680
2021-01-07,1785.872634676367,3415642136
2021-01-08,1765.582152714373,2927875736
2021-01-11,1763.4972246435489,3502949632
2021-01-12,1749.9230509660808,2364648515
2021-01-13,1726.848973545087,3416433352
2021-01-14,1737.4209223838309,4453505929
2021-01-15,1745.7525027775605,4084080803
2021-01-18,1712.5986815524525,2197849602
2021-01-19,1711.11017113374,3024135482
2021-01-20,1730.7850608755946,3748547197
2021-01-21,1751.9098910081425,4560952006
2021-01-22,1772.6414244941811,2460476615
2021-01-25,1774.2517941992357,3995553679
2021-01-26,1758.6796190685182,2855935980
2021-01-27,1738.6737743528915,4350971663
2021-01-28,1746.1149263620223,2716355987
2021-01-29,1754.2569172627923,4226951923
2021-02-01,1780.1292971523017,2512358287
2021-02-02,1802.664371146514,3457900084
2021-02-03,1800.9085029760472,3533431289
2021-02-04,1777.281583706007,4845939403
2021-02-05,1771.9042650233123,3165946469
2021-02-08,1776.9961229158828,2181597022
2021-02-09,1773.9016659478523,4627215457
2021-02-10,1763.5073110870171,2705431761
2021-02-11,1769.2687921153367,4960833743
2021-02-12,1760.3326806372415,2537365695
2021-02-15,1749.0522806988995,3629280212
2021-02-16,1755.8974057474609,2096448184
2021-02-17,1748.9894257795575,3179905650
2021-02-18,1754.5340067316888,4807953490
2021-02-19,1760.6596547816666,4066256637
2021-02-22,1739.5645506680282,4019752174
2021-02-23,1731.2110133015415,3598221281
2021-02-24,1759.6531533109587,4191623994
2021-02-25,1738.1369878898934,4436890838
2021-02-26,1698.9503922652398,4128675211
2021-03-01,1665.308426439164,3405215958
2021-03-02,1666.6415552364238,3523175226
2021-03-03,1668.008912007935,2933155307
2021-03-04,1666.6521728580735,3057136433
2021-03-05,1689.8723872166647,3928411292
2021-03-08,1641.6992554543617,4403359587
2021-03-09,1649.6565412321377,4915983027
2021-03-10,1679.0412225421626,2741769719
2021-03-11,1659.1365911152018,2902136986
2021-03-12,1653.0126467435778,2749011136
2021-03-15,1640.1663317674256,4481846288
2021-03-16,1624.8895626008518,2418496543
2021-03-17,1619.8458168655957,2089215359
2021-03-18,1646.2719512203703,4581690665
2021-03-19,1680.6902321211178,4884555079
2021-03-22,1675.2949344008098,2679192620
2021-03-23,1711.5936445161342,2998566231
2021-03-24,1713.085676596561,3509535579
2021-03-25,1747.2914304727506,3577845405
2021-03-26,1746.337171790624,4972617433
2021-03-29,1749.6962227222302,3212460567
2021-03-30,1757.58798326378,2036422702
2021-03-31,1821.0072745056825,3268270691
2021-04-01,1839.0220519946354,3550669370
2021-04-02,1825.646237359285,3536867127
2021-04-05,1846.095749906407,4422342128
2021-04-06,1839.6454184432262,2755122894
2021-04-07,1830.6399289374622,3065844618
2021-04-08,1849.9159555568053,4002746801
2021-04-09,1851.4371032498784,3285206414
2021-04-12,1858.0108596013854,2503813941
2021-04-13,1859.1889097557976,4222445694
2021-04-14,1866.9810919192646,4528793363
2021-04-15,1876.6295247534224,4354126726
2021-04-16,1837.9498263476107,2923500361
2021-04-19,1852.3646738279353,2479084003
2021-04-20,1833.3425142608678,3180371221
2021-04-21,1805.35188124891,3553266112
2021-04-22,1805.0584926550027,4678714985
2021-04-23,1807.5941969703595,4696482866
2021-04-26,1794.7185632809483,2008121820
2021-04-27,1812.0695154564423,4122680827
2021-04-28,1786.3700288351258,2896277211
2021-04-29,1779.2452593005971,2593406293
2021-04-30,1768.6837878409337,2101739548
2021-05-03,1768.6263773434155,3002281578
2021-05-04,1774.9117341116405,3656671033
2021-05-05,1756.185051359949,4398222274
2021-05-06,1771.0825706120256,2544569323
2021-05-07,1773.1613155796726,2171309203
2021-05-10,1737.474459362523,3588875722
2021-05-11,1701.258196426857,4120087763
2021-05-12,1701.8443600396731,3725884857
2021-05-13,1698.5279091669643,4969501829
2021-05-14,1697.4112883183718,2279327991
2021-05-17,1697.7035957892072,2905458698
2021-05-18,1702.7382152454193,3600693877
2021-05-19,1721.4067179102128,2639389576
2021-05-20,1701.3119043691663,4294436001
2021-05-21,1680.326255694282,4582685160
2021-05-24,1661.0358469442651,3081695331
2021-05-25,1667.1231817019666,3421498523
2021-05-26,1690.9219562825801,4348284043
2021-05-27,1683.725979596812,2559986310
2021-05-28,1638.810189514997,4312434967
2021-05-31,1609.1507620613947,2098808043
2021-06-01,1595.2383469548745,2675892015
2021-06-02,1586.242704997826,4172036756
2021-06-03,1579.8910140935386,3597584782
2021-06-04,1581.3205017563473,4512150434
2021-06-07,1576.6637263688976,2325061118
2021-06-08,1595.7339460596381,2242356091
2021-06-09,1584.6722352510196,3701747404
2021-06-10,1570.4655385108447,4646233127
2021-06-11,1579.5179849443482,3217289301
2021-06-14,1553.806403799911,4392551611
2021-06-15,1561.2304707680514,4609052886
2021-06-16,1563.743081807038,4095285663
2021-06-17,1561.9585136409908,3576998413
2021-06-18,1590.2504641904657,4022459201
2021-06-21,1580.161799553066,3701261178
2021-06-22,1617.1583862074087,3575279699
2021-06-23,1613.9277116286198,3310424797
2021-06-24,1592.1791294892712,4253297666
2021-06-25,1594.169187592402,3839685720
2021-06-28,1576.1639540829917,2301566003
2021-06-29,1563.934409333429,3762435874
2021-06-30,1571.5337758613516,2080439527
2021-07-01,1581.926602292931,2217364920
2021-07-02,1571.8914320646038,3773906252
2021-07-05,1589.8204489157558,4834415515
2021-07-06,1610.9654698558006,3516714098
2021-07-07,1637.405520250607,3335796397
2021-07-08,1647.7595830675352,2265981618
2021-07-09,1673.46152826353,4026033411
2021-07-12,1639.9823341354002,2166413195
2021-07-13,1635.0420094535516,4523360193
2021-07-14,1620.3001989244747,4973000743
2021-07-15,1623.205543234047,2852845230
2021-07-16,1613.8086123635053,4398537816
2021-07-19,1611.6350889747282,2656466907
2021-07-20,1646.1400283482665,2462559577
2021-07-21,1643.8585499836179,2146626130
2021-07-22,1652.15082319581,2658072801
2021-07-23,1648.7262261640703,4262271680
2021-07-26,1650.8921715368335,3806838881
2021-07-27,1651.7941078650488,3945790373
2021-07-28,1660.7571287034814,3542144587
2021-07-29,1682.9900159631165,2304480158
2021-07-30,1714.5888544786092,2405664085
2021-08-02,1721.2644012757594,3427516029
2021-08-03,1733.2948825454594,2350841698
2021-08-04,1712.3122394143893,2309968572
2021-08-05,1711.4791553759137,3913370120
2021-08-06,1730.1034144684158,2942777848
2021-08-09,1747.501124987107,2649900314
2021-08-10,1752.4144906523682,4285345794
2021-08-11,1770.4342925487729,4075655277
2021-08-12,1780.8723229100983,2716329925
2021-08-13,1805.4081392470682,3617504876
2021-08-16,1812.0333868725124,3735160652
2021-08-17,1805.8239171033003,3361638382
2021-08-18,1813.377639107065,3617003130
2021-08-19,1756.6958156523451,4507588913
2021-08-20,1764.9571459901101,4128759821
2021-08-23,1696.3414930254671,3377832772
2021-08-24,1665.284153509076,4219493281
2021-08-25,1674.3838154954021,2671752710
2021-08-26,1684.0103282386544,4965342241
2021-08-27,1663.412694993626,3738994157
2021-08-30,1651.2262767658056,3583362636
2021-08-31,1677.1134997647496,3880298192
2021-09-01,1669.00865322869,3059868647
2021-09-02,1711.5201509657763,3601936424
2021-09-03,1712.305716323825,4038455654
2021-09-06,1720.834301686217,3010808866
2021-09-07,1752.5552235452858,2028866374
2021-09-08,1755.9256416310463,3477388750
2021-09-09,1737.5053285024749,2183912196
2021-09-10,1736.242617760349,3787573851
2021-09-13,1736.3959033268914,3822839822
2021-09-14,1711.344787658243,2357072449
2021-09-15,1707.3549057649263,2832525790
2021-09-16,1694.2856747109101,2734295130
2021-09-17,1712.4227086240803,3919766523
2021-09-20,1713.8972777893678,2986339733
2021-09-21,1709.3943625980983,3714356851
2021-09-22,1708.2187016368412,4391829995
2021-09-23,1713.2385612551623,2497258839
2021-09-24,1725.7304860570616,2134892727
2021-09-27,1707.6763666145546,2603119391
2021-09-28,1689.0329269085676,4619719808
2021-09-29,1710.5032131479286,2623648232
2021-09-30,1703.579964516376,4080516272
2021-10-01,1678.0403182275486,3255483088
2021-10-04,1687.062034736855,2119839396
2021-10-05,1696.4971799663408,2084876916
2021-10-06,1668.9718449845748,3428522704
2021-10-07,1673.9934746738677,3564093355
2021-10-08,1688.4036353079273,2847603203
2021-10-11,1696.1852160792316,4299709990
2021-10-12,1708.8378768920013,3790179050
2021-10-13,1683.4522155816232,3303812526
2021-10-14,1690.4047832107976,2325518351
2021-10-15,1685.5959816796899,4769937686
2021-10-18,1677.47302263571,2863427044
2021-10-19,1694.426981309538,4024754990
2021-10-20,1723.051142195956,4037436104
2021-10-21,1758.2424633895612,3829029931
2021-10-22,1784.7129613887712,2162162934
2021-10-25,1783.415811051929,4635573846
2021-10-26,1791.208339576544,4867581601
2021-10-27,1807.2484472891592,4786472031
2021-10-28,1810.5278836527862,4217223886
2021-10-29,1814.0045450872437,2170630393
2021-11-01,1831.3953116398081,3395637414
2021-11-02,1831.0801389522894,2659980317
2021-11-03,1817.321795354419,4491851463
2021-11-04,1809.9236690096907,2665862118
2021-11-05,1823.4634491459947,4581428836
2021-11-08,1824.3989912411546,3353645881
2021-11-09,1832.1184543954187,3639888688
2021-11-10,1846.5587917014898,2606478308
2021-11-11,1839.8435452437,4479231649
2021-11-12,1856.1032589874399,4274907407
2021-11-15,1864.7491437659885,4051534052
2021-11-16,1840.4748200926135,3059578701
2021-11-17,1870.8052355574882,3929502630
2021-11-18,1861.4220772302456,2811410237
2021-11-19,1828.7171397118448,3833809940
2021-11-22,1808.6834839108267,2136986855
2021-11-23,1789.3415927383626,4360823407
2021-11-24,1791.2283855600065,3142165816
2021-11-25,1786.698096968546,3631695700
2021-11-26,1780.9450069443471,3314715070
2021-11-29,1793.9875930733033,2628281843
2021-11-30,1801.5717472292672,3111787811
2021-12-01,1808.713833337551,3763465788
2021-12-02,1817.7584413884765,4657935081
2021-12-03,1830.9987770013122,2697659044
2021-12-06,1789.8899025259682,3762164133
2021-12-07,1783.5848331259392,4302522247
2021-12-08,1742.1552209924214,4156876950
2021-12-09,1743.683167031747,3129408302
2021-12-10,1744.4314326648896,3868931661
2021-12-13,1765.4569128709925,2831736448
2021-12-14,1789.5308836847446,3293954844
2021-12-15,1794.3880325723492,2935575450
2021-12-16,1785.3956851705059,3235010073
2021-12-17,1795.8111881629595,2962510687
2021-12-20,1786.270168655179,3608459875
2021-12-21,1787.1004070501144,4274108633
2021-12-22,1807.458873566682,2820997266
2021-12-23,1797.265668297435,3390603001
2021-12-24,1814.1352389428919,3982604587
2021-12-27,1828.5811108637806,3295043242
2021-12-28,1810.3453114196216,2599458350
2021-12-29,1830.7220324368059,2019861782
2021-12-30,1845.7296472554135,3243281812
2021-12-31,1848.6873687370748,4052279951
2022-01-03,1834.3807853413123,2644037764
2022-01-04,1852.838671333933,2312750648
2022-01-05,1830.485306795844,3244673571
2022-01-06,1835.4347858509786,4504734073
2022-01-07,1823.870921512522,2371570642
2022-01-10,1842.5593176906793,2899349636
2022-01-11,1855.216106524146,4792133543
2022-01-12,1831.2646409681843,2673393609
2022-01-13,1823.7743674013755,2108666992
2022-01-14,1854.1387315593865,4250372403
2022-01-17,1864.2823354066643,3864375218
2022-01-18,1818.289620387039,4671614639
2022-01-19,1836.405760362857,3373205559
2022-01-20,1800.6367682490988,2050522911
2022-01-21,1842.1282440339705,2060783384
2022-01-24,1872.1728548059314,3299775494
2022-01-25,1879.106197179856,2748644527
2022-01-26,1881.8167526351513,4766540358
2022-01-27,1872.833627105335,2355455756
2022-01-28,1892.2298957650187,4642439926
2022-01-31,1878.025983956838,2650382436
2022-02-01,1883.2412799073877,2358205736
2022-02-02,1909.011816296081,2432422829
2022-02-03,1888.5389658295214,2991378041
2022-02-04,1866.5591188299422,2002969981
2022-02-07,1826.7911398698425,2374616560
2022-02-08,1791.8227332047495,2485608081
2022-02-09,1734.8468542669589,2280699156
2022-02-10,1754.3434833828198,2943904886
2022-02-11,1806.903710969382,3649020197
2022-02-14,1848.942378755779,2926676803
2022-02-15,1796.317659984328,2987224610
2022-02-16,1816.3515157302643,3645193207
2022-02-17,1858.5081727314475,2992901158
2022-02-18,1841.8616224322225,2072688061
2022-02-21,1842.7700300781553,3477713408
2022-02-22,1778.7381025424152,4824100703
2022-02-23,1784.6229661930502,3193802827
2022-02-24,1750.4889116556024,2380576243
2022-02-25,1754.2780332550924,2439640479
2022-02-28,1706.2285670658678,4650997186
2022-03-01,1719.928088892918,4943829571
2022-03-02,1747.9919457999931,3708916680
2022-03-03,1722.7504023636186,3830869854
2022-03-04,1687.6936181031049,3632307460
2022-03-07,1624.953101938261,4199396614
2022-03-08,1615.619376232452,2265316307
2022-03-09,1597.7554073096833,3175826130
2022-03-10,1554.2621272375338,4923502677
2022-03-11,1564.3504791249575,2612039439
2022-03-14,1550.5189555781435,4605470157
2022-03-15,1520.5477724570787,3260250695
2022-03-16,1504.425937510428,2373117711
2022-03-17,1530.1901957611103,3151855440
2022-03-18,1544.0524783344906,3312432108
2022-03-21,1538.7470316433198,2921812707
2022-03-22,1553.1136581317287,3282584128
2022-03-23,1520.8884905057648,4991207032
2022-03-24,1519.8527602832087,3446609886
2022-03-25,1521.7886926050955,3137375182
2022-03-28,1507.824173126604,2897857391
2022-03-29,1517.1581266211422,3778835357
2022-03-30,1495.3197080425543,2172803150
2022-03-31,1506.479482910621,4768593088
2022-04-01,1518.807568349124,3180073497
2022-04-04,1443.5455680992904,3703434155
2022-04-05,1471.2405511956688,4113190636
2022-04-06,1395.2375347300774,4616949432
2022-04-07,1379.0023680635916,3550237391
2022-04-08,1401.5232845858377,2457186594
2022-04-11,1392.2683229943627,2990746688
2022-04-12,1356.3233439222881,2732357224
2022-04-13,1329.6989432734542,2765718917
2022-04-14,1351.4504576605318,4563178372
2022-04-15,1306.4079193901362,4632100727
2022-04-18,1330.0847290716167,2103412977
2022-04-19,1327.203880210232,3663974382
2022-04-20,1298.9706404591543,2022448987
2022-04-21,1284.5746507510298,4620893363
2022-04-22,1260.9977990362806,2483137047
2022-04-25,1278.1294129155121,4022432902
2022-04-26,1292.5504487624853,3811449826
2022-04-27,1253.7763690216404,2179972503
2022-04-28,1243.671011441727,2507847265
2022-04-29,1224.0460619962253,3769369951
2022-05-02,1249.720539728769,2766047904
2022-05-03,1219.8607903943087,4052000310
2022-05-04,1252.0436217025783,3235289083
2022-05-05,1249.795047687562,3424869356
2022-05-06,1223.8420896199402,3095554108
2022-05-09,1208.3429712302063,3027219477
2022-05-10,1190.5208832981891,4091846887
2022-05-11,1163.5676998941658,3782883283
2022-05-12,1164.010556009181,3731927413
2022-05-13,1138.5611618941268,2622911515
2022-05-16,1095.7812442119578,4739688212
2022-05-17,1087.3913237562817,4154193333
2022-05-18,1053.2719525911905,4645721650
2022-05-19,1038.6099187786176,4000499856
2022-05-20,1021.4231769466865,3415374521
2022-05-23,1005.168034465117,4135346206
2022-05-24,1038.6684659512498,2257658627
2022-05-25,1038.385435733972,2733881397
2022-05-26,1041.4425519547772,3969690626
2022-05-27,1009.2187564919094,2033560258
2022-05-30,996.8326494236919,2467146736
2022-05-31,999.2565168879406,4959877752
2022-06-01,980.7945424069173,4500094459
2022-06-02,994.8266908950645,2667446755
2022-06-03,973.4935244128195,2392539361
2022-06-06,967.5735295251467,4444627827
2022-06-07,956.8025195981166,4970506406
2022-06-08,958.2981402465465,2505934644
2022-06-09,946.7538017494676,2850803448
2022-06-10,941.2439614158659,4233161475
2022-06-13,936.3193694388466,2973216992
2022-06-14,923.5643760456508,3615869053
2022-06-15,930.0660216479661,4395052437
2022-06-16,932.6935123410939,3948804221
2022-06-17,930.143323685022,4625883450
2022-06-20,922.2251277355872,4790161200
2022-06-21,933.6476217727043,4330066028
2022-06-22,928.7674450190472,2563649434
2022-06-23,922.8004354701046,2443840739
2022-06-24,923.3064565082911,3405550007
2022-06-27,949.1545567806147,4740143319
2022-06-28,926.6297374055029,4386818025
2022-06-29,937.6812810360476,3553635726
2022-06-30,906.8659722104516,2589355223
2022-07-01,909.1015329475044,4065480928
2022-07-04,932.6235782477127,2471076491
2022-07-05,939.246073657492,2743840974
2022-07-06,940.8150776140918,4043255643
2022-07-07,930.7469495420427,4742060189
2022-07-08,930.0921903500156,4391786576
2022-07-11,924.9753751396993,3967766370
2022-07-12,911.5751035298342,4909381122
2022-07-13,905.9775927765044,4734532024
2022-07-14,907.9193257303248,2302284562
2022-07-15,895.0515452555821,3776536229
2022-07-18,881.7803520498279,4780833107
2022-07-19,860.5634296647258,3628825116
2022-07-20,865.2323848464736,3015387494
2022-07-21,872.2159935070874,2961364656
2022-07-22,874.5800188475127,4513597448
2022-07-25,887.9541989952007,3721535905
2022-07-26,888.1870713062661,2549954484
2022-07-27,893.025419299391,2765958264
2022-07-28,896.5452399921355,3407400310
2022-07-29,894.0494146027246,2599440764
2022-08-01,884.9273480851707,3952436794
2022-08-02,917.7404500138043,2760867335
2022-08-03,909.5954340618287,2384546219
2022-08-04,898.2500435889397,2783805295
2022-08-05,903.7882664456824,4791782812
2022-08-08,906.5490268370437,4804685477
2022-08-09,884.0663611449967,3517174097
2022-08-10,899.9922320420105,4458583915
2022-08-11,897.4463104505595,2582791959
2022-08-12,879.5724539587268,3961716291
2022-08-15,896.4242054210976,4040154889
2022-08-16,904.8948074748957,4148392822
2022-08-17,884.5596593727348,3835974828
2022-08-18,910.5697862861963,4625299690
2022-08-19,919.6917600802428,2523174862
2022-08-22,918.4006280829034,4488916610
2022-08-23,942.4057384398751,2834651454
2022-08-24,943.7982615167554,4154297829
2022-08-25,942.1867448942681,3818751857
2022-08-26,930.5230699566898,2577654658
2022-08-29,938.6163279006273,4236465796
2022-08-30,945.087506403936,2723880354
2022-08-31,944.1599193230428,3492337587
2022-09-01,930.4182932828485,2182121553
2022-09-02,931.3280173253538,4890484988
2022-09-05,929.0786876934255,3646662766
2022-09-06,907.1364195205391,4794740577
2022-09-07,883.631843399471,2617379327
2022-09-08,891.0642986832864,3813485096
2022-09-09,851.4603729146977,4784170739
2022-09-12,853.3872350715226,4465642161
2022-09-13,845.4376935927152,2420659545
2022-09-14,863.3870973920859,2928630524
2022-09-15,855.120720390242,4741469518
2022-09-16,863.697297202971,3646863597
2022-09-19,856.8332234319405,3689032279
2022-09-20,857.4350957418613,3418661546
2022-09-21,867.1744607508576,4473980073
2022-09-22,859.3232885659994,3965341673
2022-09-23,872.9297750753127,2398337945
2022-09-26,857.250968122866,2630261371
2022-09-27,860.4945412257782,4258669700
2022-09-28,873.0218813749394,2294239480
2022-09-29,881.7862946811549,3857586128
2022-09-30,909.8663914776178,3920584178
2022-10-03,897.0286225001531,3782287960
2022-10-04,875.1634827418565,3402073971
2022-10-05,859.4352456156868,2842298685
2022-10-06,868.0692381427459,4237025001
2022-10-07,874.3708872066464,2209436317
2022-10-10,874.8141622793376,2253442686
2022-10-11,857.2157874602646,3189997749
2022-10-12,867.3953736454118,3971105913
2022-10-13,840.028948986495,3602396846
2022-10-14,837.8408727565127,2332250954
2022-10-17,815.0417141223654,2995384347
2022-10-18,829.7551698136175,4274473368
2022-10-19,853.130861503865,4252508999
2022-10-20,841.3843332889656,2774284208
2022-10-21,846.3762701805957,2878807719
2022-10-24,835.798016753437,4286219062
2022-10-25,826.792909549662,3346481968
2022-10-26,838.8023969903263,4094570733
2022-10-27,838.6231735351968,3584979653
2022-10-28,865.7144611941306,2835818157
2022-10-31,858.6444700207195,4628897829
2022-11-01,874.6492965535134,4126833556
2022-11-02,876.6049576463018,2746310985
2022-11-03,889.6787546031912,2274679502
2022-11-04,882.9703398642658,3746816216
2022-11-07,882.6065788726052,2978487925
2022-11-08,881.196436452563,3307332100
2022-11-09,868.4513281924209,3179750402
2022-11-10,879.2849413418577,3051667678
2022-11-11,890.0641089005071,4226997964
2022-11-14,900.0564441794926,3777957308
2022-11-15,925.7487401380055,3422727743
2022-11-16,950.6738655596896,3244718815
2022-11-17,944.7327288606202,2423867800
2022-11-18,951.5545376264038,3168468665
2022-11-21,941.3849953769045,2800800946
2022-11-22,942.2329960802297,4549288539
2022-11-23,932.5633602134741,3807250886
2022-11-24,960.619473627608,3921653141
2022-11-25,967.3931002386181,3407366546
2022-11-28,964.0666235454005,4369717944
2022-11-29,985.476753792355,3133887309
2022-11-30,948.1706159583774,3117522387
2022-12-01,914.8504542990866,2761673263
2022-12-02,928.4956629817899,3148167078
2022-12-05,929.9530879901461,2690309461
2022-12-06,934.6033131554229,4956093686
2022-12-07,912.9919335013694,3853357808
2022-12-08,913.0483519419198,3730778526
2022-12-09,947.0311708328121,3906623878
2022-12-12,961.6471554872508,4693704447
2022-12-13,965.052321422092,3139157978
2022-12-14,957.9152883867581,2707696104
2022-12-15,951.5926335169564,4772841150
2022-12-16,916.2520359440621,4294172656
2022-12-19,920.9529994006758,3167139955
2022-12-20,935.5248407112588,4248544932
2022-12-21,909.8015973759982,2631846471
2022-12-22,899.4658137366747,4926212971
2022-12-23,881.3428263432633,3382942473
2022-12-26,866.5764744036256,2943840232
2022-12-27,867.8275598987572,3927577663
2022-12-28,836.2718941317653,4042075446
2022-12-29,845.9757207468634,4755993844
2022-12-30,857.9450486482542,4367651496
2023-01-02,855.9893402660889,2746023985
2023-01-03,833.3470062005124,4659673740
2023-01-04,824.6586347195137,3463611494
2023-01-05,836.3201094899249,2292634119
2023-01-06,811.5398633527521,4474912742
2023-01-09,808.8316113969386,2076713358
2023-01-10,798.78413691321,3822127481
2023-01-11,806.2718882958933,3843818657
2023-01-12,800.6907259165606,3486604411
2023-01-13,804.6426427207546,3383797136
2023-01-16,810.0519013713545,3852041299
2023-01-17,826.9769357829981,2593347941
2023-01-18,825.5290423250282,4531332757
2023-01-19,829.3488976711941,2646712130
2023-01-20,816.3027652826153,2809698031
2023-01-23,827.4592581946908,2691373818
2023-01-24,820.9599069907081,3793338021
2023-01-25,816.3033008284083,3325703220
2023-01-26,816.4953785753073,2733427527
2023-01-27,802.9637137369126,2493720860
2023-01-30,805.3733791141228,4648427996
2023-01-31,814.3808439715361,3121765520
2023-02-01,817.4014915944836,2213111365
2023-02-02,803.6248234149343,3338095157
2023-02-03,802.9164173033339,4741773714
2023-02-06,809.8855475981983,3953730689
2023-02-07,793.7075448677894,2545828865
2023-02-08,784.7558386571748,2428819943
2023-02-09,792.7394581361963,2197207525
2023-02-10,795.4799675630836,3345374786
2023-02-13,799.4766712454883,2950112446
2023-02-14,816.3896845379402,2048771329
2023-02-15,821.0022714335946,3593618861
2023-02-16,827.362263314583,4892041106
2023-02-17,852.8134671983115,4447290834
2023-02-20,851.2186213131165,3617536705
2023-02-21,844.1855230586768,4170678061
2023-02-22,848.5746375100031,4607275611
2023-02-23,853.0916160135222,2034249881
2023-02-24,848.5704218117478,4720421760
2023-02-27,839.3910677981795,3012469118
2023-02-28,861.4051905462263,2021305648
2023-03-01,864.9228191075464,2262304362
2023-03-02,858.3956616348606,3826423427
2023-03-03,867.5042150143262,4319436261
2023-03-06,866.8793195440637,2801899005
2023-03-07,864.8863214778667,2716167362
2023-03-08,870.6700430328091,2674515649
2023-03-09,858.7968298955665,2749105457
2023-03-10,862.5484091854295,3977942587
2023-03-13,881.3138247986525,2907551096
2023-03-14,886.2700766659242,4342756972
2023-03-15,883.033728900621,4457868050
2023-03-16,878.5433394401058,4282858937
2023-03-17,875.0066621010263,4789682116
2023-03-20,872.9845959288987,2615779550
2023-03-21,869.7815070969505,4398541850
2023-03-22,879.0145625190346,4757261383
2023-03-23,862.8286886123444,3171875636
2023-03-24,871.4671452004634,4624469462
2023-03-27,868.2516685261463,4748174993
2023-03-28,872.2778766044885,2533968074
2023-03-29,861.9447486920259,3170741962
2023-03-30,875.0544506185339,2387583989
2023-03-31,887.5528760845677,3396499991
2023-04-03,897.4017055130452,2142420491
2023-04-04,882.9965482778308,2795044530
2023-04-05,891.5144299266178,2963820949
2023-04-06,895.9234994546503,2773061273
2023-04-07,880.6647724641622,2476053384
2023-04-10,880.8521351335042,2509821773
2023-04-11,884.8159468306353,4859611322
2023-04-12,890.6722206318997,2664212920
2023-04-13,892.8390743521979,2162586807
2023-04-14,896.1339524742631,4878137816
2023-04-17,911.2156869095294,4118451770
2023-04-18,924.0313509391864,4282516520
2023-04-19,895.7742213871195,2871721704
2023-04-20,893.0803657421376,2179428414
2023-04-21,891.8923226327477,2994422970
2023-04-24,875.2874322857773,4131408233
2023-04-25,876.6153863164054,3939281113
2023-04-26,889.1666498484531,3316995528
2023-04-27,879.0242004799231,2560076354
2023-04-28,882.7065738772286,4813116297
2023-05-01,874.278330765948,2905380019
2023-05-02,868.2569958035589,2765559536
2023-05-03,882.9062995324331,3127263661
2023-05-04,878.0740617843868,4133488394
2023-05-05,882.9735807547719,3969346153
2023-05-08,865.4000460556166,2014012354
2023-05-09,883.735115101322,3897338703
2023-05-10,890.0401295523703,4287295105
2023-05-11,888.6816326100093,4019984921
2023-05-12,894.7551133221457,4433547195
2023-05-15,881.4092532580439,4992809490
2023-05-16,893.3780940630958,2818507929
2023-05-17,890.6273092944019,3952887157
2023-05-18,889.0569477556388,2486539804
2023-05-19,884.6862655161001,2997131404
2023-05-22,879.4756824317632,4407433939
2023-05-23,886.6473181313542,2993753180
2023-05-24,889.5736175845057,4372543483
2023-05-25,896.4042616687174,3362537034
2023-05-26,896.7478819893178,2187472586
2023-05-29,902.2574967671726,2571258513
2023-05-30,898.5412511272607,2579022607
2023-05-31,921.294426533924,2825955141
2023-06-01,905.9756523978832,3625215714
2023-06-02,919.0704166176496,2759145954
2023-06-05,933.4521700708781,2386632213
2023-06-06,925.1870909993478,4066691023
2023-06-07,948.6102201509732,4199144917
2023-06-08,959.5154144731961,2373481732
2023-06-09,970.2860350312254,3280386864
2023-06-12,971.051158744699,2701986641
2023-06-13,969.1987176314228,3619375670
2023-06-14,967.4329969655107,4076443403
2023-06-15,972.0643493293782,2128872881
2023-06-16,987.6368350433577,4164106632
2023-06-19,990.0837254405105,3518015653
2023-06-20,980.6774720615726,4283064718
2023-06-21,990.0865153337726,4529174722
2023-06-22,1000.6499188704645,2170453034
2023-06-23,1008.3657616156864,4330721164
2023-06-26,1017.1569692646408,2115804912
2023-06-27,1014.6170403167864,3129616198
2023-06-28,1004.7837661275581,3785411048
2023-06-29,995.7114547283645,2519071763
2023-06-30,978.4282090662929,3398296498
2023-07-03,981.4527289592676,4988047264
2023-07-04,981.0230089748071,2211482805
2023-07-05,976.7551916527294,2190990767
2023-07-06,945.9637433842624,4481024043
2023-07-07,933.5212718477833,3217392916
2023-07-10,945.5558891974711,2101611310
2023-07-11,939.1189148596441,4205241332
2023-07-12,943.3040126950963,4135151359
2023-07-13,929.4296140897758,2443757973
2023-07-14,944.708902269914,2888399062
2023-07-17,943.6662320226678,2551376209
2023-07-18,947.136270819387,3010114799
2023-07-19,972.146543413335,2495368923
2023-07-20,988.9733640260617,2902337936
2023-07-21,986.1171660393103,3061575917
2023-07-24,980.1736552132129,4421688597
2023-07-25,977.138849376052,2371361992
2023-07-26,983.1066815610862,3187675567
2023-07-27,982.4408862764814,2138687375
2023-07-28,978.6484525109568,2210700112
2023-07-31,995.048503748477,4557002653
2023-08-01,994.2763385871688,2170739605
2023-08-02,1020.2374309895237,4348129053
2023-08-03,1021.7466286669725,4748078763
2023-08-04,1042.5108123813318,2936308247
2023-08-07,1047.1189752619925,4328951965
2023-08-08,1058.7776964123725,4946692091
2023-08-09,1050.8763179466537,4893101024
2023-08-10,1041.553192270714,4831210419
2023-08-11,1047.336022371499,2427713846
2023-08-14,1059.2953303173995,2164214919
2023-08-15,1060.2733220328728,4144772908
2023-08-16,1045.8776602293149,2233005374
2023-08-17,1030.8395395140296,3802414667
2023-08-18,1015.2704769229543,2194269062
2023-08-21,996.1984577062743,2695114907
2023-08-22,997.8778074745119,2288572999
2023-08-23,1010.7888196433174,2199845582
2023-08-24,1011.1248883309605,2565680235
2023-08-25,986.7672327762053,3622256690
2023-08-28,985.1715746876145,2229915983
2023-08-29,983.8810686362132,4406820070
2023-08-30,1007.3123373290251,2891906107
2023-08-31,991.7712577506733,4959773227
2023-09-01,987.9924342947476,4015953612
2023-09-04,1007.1898644745108,4132284604
2023-09-05,1012.6735395324096,3677581561
2023-09-06,1019.4572177403574,3433991886
2023-09-07,1021.2330553610959,3023386755
2023-09-08,1025.4383235589382,2120544717
2023-09-11,1034.7437988739325,4601016802
2023-09-12,1026.063370280541,4214364935
2023-09-13,1036.519176175235,3094034870
2023-09-14,1021.4724047074828,4093474462
2023-09-15,1025.6608823935753,2111544508
2023-09-18,1028.17287447538,3521702532
2023-09-19,1021.7165395579532,3874892442
2023-09-20,1021.9520335010467,4278977304
2023-09-21,1015.4649790659965,4445408477
2023-09-22,1004.0460637571441,3474539518
2023-09-25,1000.6283356156927,4478091437
2023-09-26,989.0249336628289,2521330662
2023-09-27,993.0195129877015,2078678137
2023-09-28,981.0067830425479,2173078014
2023-09-29,989.1946440539729,4972651604
2023-10-02,976.8907769398567,2241634839
2023-10-03,971.2905075158742,2438117409
2023-10-04,965.1031336739353,2432631144
2023-10-05,979.7442653830062,2429896517
2023-10-06,983.7824383036074,3726565638
2023-10-09,981.9650346848049,2585088402
2023-10-10,987.8408634033927,3823039010
2023-10-11,965.6703269589042,2080567330
2023-10-12,965.6756676268868,3660294109
2023-10-13,987.6028922137286,2648729560
2023-10-16,989.5165569690528,3943632442
2023-10-17,990.7314834072047,4279828780
2023-10-18,997.201598465174,3164160641
2023-10-19,1007.5577500006649,2770431372
2023-10-20,986.1342274524304,3665030737
2023-10-23,968.5178249314595,2282297919
2023-10-24,971.2268746929765,2462911155
2023-10-25,964.0820926906872,3706477937
2023-10-26,978.5664819651171,3611216728
2023-10-27,975.6479447293673,2929112596
2023-10-30,955.5642186376625,4750040852
2023-10-31,942.7808111353226,4224789504
2023-11-01,915.1311438151848,3948177850
2023-11-02,913.215603080797,4784715943
2023-11-03,911.7627149715992,3250112308
2023-11-06,907.9512479379964,2700446605
2023-11-07,919.2318309363095,2187713347
2023-11-08,931.8781568005036,2634505698
2023-11-09,930.5797699298923,2328461976
2023-11-10,909.4192146450783,4943156027
2023-11-13,916.0548726126314,2286060358
2023-11-14,922.1106525732448,2522646418
2023-11-15,925.6984533334185,4911664944
2023-11-16,936.1959609054463,4925717283
2023-11-17,924.7206625246577,3770639822
2023-11-20,945.8348859881156,4020723924
2023-11-21,936.3546547969945,4557249005
2023-11-22,944.5567422269942,4243704805
2023-11-23,927.631846527942,2762072296
2023-11-24,918.6287099302548,3832670416
2023-11-27,934.5284593487387,2038980045
2023-11-28,932.2976983107602,4453738490
2023-11-29,941.4030145183058,2991801662
2023-11-30,944.3131524285201,3617572054
2023-12-01,943.6763904876174,2101133127
2023-12-04,958.4004091411291,4279779192
2023-12-05,956.367647071138,2564276479
2023-12-06,938.2667479042536,2417015235
2023-12-07,930.4595901121533,4423501728
2023-12-08,936.5676497032221,4031527884
2023-12-11,941.1027784290621,3397638338
2023-12-12,925.4635206695295,2885652379
2023-12-13,918.5597439934432,3944281790
2023-12-14,913.1389073364812,3038308694
2023-12-15,909.9119597823003,3450534922
2023-12-18,896.6743905293791,3318050185
2023-12-19,890.9254159114462,2713916236
2023-12-20,884.2377728976617,2395844634
2023-12-21,892.2022693135932,3554912827
2023-12-22,900.6108007332481,2299795426
2023-12-25,899.5991593160312,2492760161
2023-12-26,896.1580995692618,2046332681
2023-12-27,897.9694208833223,2397638942
2023-12-28,890.3669570772028,4862324836
2023-12-29,879.627512108241,2725015890
2024-01-01,870.9948837761831,2727964064
2024-01-02,865.3492287097439,3065612970
2024-01-03,854.7550582110036,4151980506
2024-01-04,856.6912638019141,2966241818
2024-01-05,864.0101132014444,3972705839
2024-01-08,849.4647052052161,3688897733
2024-01-09,850.1074968278618,4139717868
2024-01-10,848.4604862090747,4757479696
2024-01-11,852.0626952851114,4360074969
2024-01-12,852.3504629040065,2899774716
2024-01-15,839.2328423376149,2396085266
2024-01-16,828.0569310443881,4646156346
2024-01-17,828.7226742035003,3668655357
2024-01-18,838.5566656542112,4638270226
2024-01-19,818.7723609731241,2905317818
2024-01-22,822.2866772770876,3417720532
2024-01-23,833.5176953377118,3659039018
2024-01-24,832.515339479832,3241000216
2024-01-25,837.9713194888336,2812761179
2024-01-26,831.9148693163403,4845216526
2024-01-29,831.2221493445093,3466926545
2024-01-30,816.9247931373293,4024315061
2024-01-31,796.5096635285344,2111930876
2024-02-01,805.1991882095734,2827790828
2024-02-02,796.9044156125215,4412003480
2024-02-05,793.3019632393207,2263504803
2024-02-06,781.6703233760204,2304305152
2024-02-07,770.0099243727084,4429516223
2024-02-08,768.9078941993592,2926245464
2024-02-09,763.128048582782,2821636481
2024-02-12,766.6754124302653,3695949640
2024-02-13,770.8713075167625,2584764970
2024-02-14,773.9682015059587,2128925376
2024-02-15,776.374803764175,2013349497
2024-02-16,790.3460190575488,2237950697
2024-02-19,781.4938785763537,2475593138
2024-02-20,781.3967577952142,4088349072
2024-02-21,791.5734087694397,2215331278
2024-02-22,803.0464511744332,2043273512
2024-02-23,790.9645571953349,3431248598
2024-02-26,788.6299893491166,4520383781
2024-02-27,800.8843714212994,3016086899
2024-02-28,805.7596133240219,2684238223
2024-02-29,807.8798483061123,3498102344
2024-03-01,806.3346164547041,4290233880
2024-03-04,803.3231031454231,3033737249
2024-03-05,806.2609204446073,2420539226
2024-03-06,804.4117760858599,4814851495
2024-03-07,804.4211356068766,4879043656
2024-03-08,805.5034763035845,2937970924
2024-03-11,799.9016091192482,2519877464
2024-03-12,804.9838013068905,3924981215
2024-03-13,831.6060621904012,4070355740
2024-03-14,815.9001585140411,4129779133
2024-03-15,819.2064522058232,4112356670
2024-03-18,812.7747732602396,3665147044
2024-03-19,818.3461946060994,2538761446
2024-03-20,819.1585051149991,3450405953
2024-03-21,826.4488291010587,3249185790
2024-03-22,837.6066299370392,2426249267
2024-03-25,839.7844125899599,4862421995
2024-03-26,850.7155189586995,2315772780
2024-03-27,829.4563660703146,3905921442
2024-03-28,844.5006288049383,3993920572
2024-03-29,848.3991022374295,3423547143
2024-04-01,858.9300110467397,2103068443
2024-04-02,847.8882175929338,2480363468
2024-04-03,840.5784951700587,2572181471
2024-04-04,842.3332002822649,4515426757
2024-04-05,842.5796888974895,2091229406
2024-04-08,845.6131609312496,3885429890
2024-04-09,856.1723207938409,3263164738
2024-04-10,840.1111812855562,2114136475
2024-04-11,849.5665273142143,2270515929
2024-04-12,850.0518541877753,2397785331
2024-04-15,848.5557206216023,3389242657
2024-04-16,835.335536704933,3860508132
2024-04-17,840.3739907629837,3474697301
2024-04-18,818.7443068753769,2713804172
2024-04-19,825.0006445559028,3460946246
2024-04-22,811.9599395572841,4898890661
2024-04-23,812.8276061142777,4268882664
2024-04-24,812.1525429161545,4870111988
2024-04-25,823.0632929404686,3490938680
2024-04-26,821.8417810157594,2079437303
2024-04-29,815.9820619684821,4827527789
2024-04-30,811.8371307791299,3425325077
2024-05-01,823.6794626919898,2957521914
2024-05-02,828.9507291587098,3338182933
2024-05-03,825.8381330654578,2767817245
2024-05-06,824.0884603046042,4998226775
2024-05-07,810.3926885677529,2254748274
2024-05-08,814.2538293799723,4156069014
2024-05-09,799.0265500509303,3006800511
2024-05-10,806.0485169632052,2142091319
2024-05-13,807.5772958703976,4766631000
2024-05-14,829.4602953738519,2185656430
2024-05-15,819.8765266466138,2617707338
2024-05-16,819.3443675342047,2076504691
2024-05-17,836.1145568057007,2962019267
2024-05-20,847.5509194630775,2214693499
2024-05-21,841.488701435307,2348465205
2024-05-22,843.9693920179859,4800165070
2024-05-23,844.3931650345812,4417750571
2024-05-24,847.422793524521,4810719619
2024-05-27,841.3386474048662,3592411482
2024-05-28,840.915960395057,3638162199
2024-05-29,826.65972283985,4357990436
2024-05-30,828.2868309890505,3849916793
2024-05-31,832.7968509747622,3309322265
2024-06-03,831.1149582269148,2191917626
2024-06-04,816.872123240331,2577345016
2024-06-05,826.1996184910936,4212381335
2024-06-06,829.9174090054283,2305357965
2024-06-07,823.7112325400383,2290720581
2024-06-10,821.5669386701462,2256672922
2024-06-11,808.5043458442286,4374734527
2024-06-12,799.8198723802348,4917799272
2024-06-13,795.4839073594528,3302106846
2024-06-14,806.6930583547742,4392339831
2024-06-17,801.4228493731973,4123042729
2024-06-18,807.4741642668678,3650911369
2024-06-19,803.0922440535236,2600947904
2024-06-20,805.672236075518,4795000927
2024-06-21,804.8063216788124,3219506610
2024-06-24,812.9627388984993,2277432045
2024-06-25,808.5822069182208,4662177766
2024-06-26,795.0973352319672,3519419930
2024-06-27,783.4780938600178,3737446243
2024-06-28,779.2815844125467,2669108383
2024-07-01,769.0167801110039,2202419629
2024-07-02,772.8655665399548,4832436939
2024-07-03,769.285123306769,3448872745
2024-07-04,790.023225477415,2728022128
2024-07-05,775.4375756965192,3351947180
2024-07-08,777.5496097628123,3100062683
2024-07-09,768.3304895567652,2562041027
2024-07-10,764.5386276554652,3054049049
2024-07-11,766.0965184418795,3001734542
2024-07-12,747.1074971004356,3688224655
2024-07-15,749.4159479953316,4649380645
2024-07-16,765.6354550663771,4420335647
2024-07-17,762.1918746215985,2877014680
2024-07-18,764.7402352361441,2563033013
2024-07-19,773.7821337349596,3020416860
2024-07-22,772.7587193671857,4465319177
2024-07-23,768.204752497823,3122373310
2024-07-24,749.5726184101719,2472804539
2024-07-25,755.2388825264791,2575660703
2024-07-26,754.6614570246021,2310530804
2024-07-29,746.6598487716692,3353548728
2024-07-30,748.0593268822348,4015662756
2024-07-31,743.62866564157,4485998600
2024-08-01,739.6736811152526,4386575602
2024-08-02,744.9807061008728,2411434140
2024-08-05,734.4457357156545,3768874558
2024-08-06,743.3125247729797,4647541927
2024-08-07,732.3232640422008,4321549283
2024-08-08,727.3532922187344,2988237977
2024-08-09,743.2591158577924,3178130175
2024-08-12,752.8948894720245,3576259451
2024-08-13,754.0655291806883,2348297923
2024-08-14,746.6626230354589,4683764337
2024-08-15,742.6845895358277,2070173470
2024-08-16,743.640317470044,2986830951
2024-08-19,744.3045029284498,2600497927
2024-08-20,743.9178774768583,3486474023
2024-08-21,744.022659993999,2898707596
2024-08-22,742.6266029338854,3068952450
2024-08-23,731.2910977745717,3681798424
2024-08-26,727.4970767961142,4804793613
2024-08-27,735.2060833936634,3441827444
2024-08-28,724.5705744086922,3692694661
2024-08-29,723.408491365165,2522697729
2024-08-30,717.258829045949,4000886490
2024-09-02,718.4826941081664,4585734404
2024-09-03,715.76124460579,2954192440
2024-09-04,727.8376276748604,3038643365
2024-09-05,732.2561607379938,2825116598
2024-09-06,722.1122258537155,3755443464
2024-09-09,727.8129456639554,4591207675
2024-09-10,721.9839451368763,2944099740
2024-09-11,717.7604956680482,4067945431
2024-09-12,720.5882923736656,2990953656
2024-09-13,717.0450927681192,3759172858
2024-09-16,724.4698481914539,2987503405
2024-09-17,718.6687432240732,3942232468
2024-09-18,714.135071869953,3194349585
2024-09-19,709.3379291997538,2405152413
2024-09-20,705.2765635958098,3116545886
2024-09-23,714.1986334697391,3323125638
2024-09-24,719.5009746992796,2007161140
2024-09-25,733.5144258330721,3583669854
2024-09-26,752.4024478067729,2108917027
2024-09-27,744.2771384592264,4603975789
2024-09-30,745.2115023068058,4565491838
2024-10-01,735.9850973216157,2036145886
2024-10-02,730.0669228768714,3091382484
2024-10-03,725.3724865732603,4177289830
2024-10-04,717.3304362252682,2030388011
2024-10-07,709.4186514669148,4746190810
2024-10-08,708.6336687164427,3578624305
2024-10-09,699.5482734699442,3364775681
2024-10-10,706.3975631918553,2099609551
2024-10-11,699.637896688157,2860231702
2024-10-14,721.9444301850948,2416124162
2024-10-15,718.7135950528289,3447815727
2024-10-16,719.6285200777706,4767168721
2024-10-17,709.7880337864307,3670497248
2024-10-18,723.5816477958416,3552417564
2024-10-21,732.8989969507404,3686144550
2024-10-22,735.6496400920387,4055742295
2024-10-23,725.1794524659796,3646934198
2024-10-24,727.2108627481579,4816509573
2024-10-25,718.6401452350423,4833588996
2024-10-28,730.6442264232614,3567658961
2024-10-29,737.5307549463074,2428110115
2024-10-30,738.6599146865362,2805540942
2024-10-31,719.4719111005292,4637280290
2024-11-01,712.0726269327877,2414861003
2024-11-04,717.8246238788295,3191174149
2024-11-05,727.8150788676122,4095900705
2024-11-06,737.1031718341566,4922328856
2024-11-07,724.6550353340923,2741516546
2024-11-08,727.4118357012362,4589574624
2024-11-11,735.9362300664043,4553510253
2024-11-12,722.9801594628666,4189061222
2024-11-13,723.264382907174,2330510134
2024-11-14,725.7946303739836,2229653069
2024-11-15,723.744685678087,3434496907
2024-11-18,709.4889383367325,3943890127
2024-11-19,707.2910332179137,2206482245
2024-11-20,705.0874705006141,3582592080
2024-11-21,704.2779336031339,4721592119
2024-11-22,700.2622338092093,4633972642
2024-11-25,697.1926357153021,4437523306
2024-11-26,697.2227766278668,3547696688
2024-11-27,700.9608120037509,3106951310
2024-11-28,698.952851143804,2755131924
2024-11-29,696.1444277055157,4626303748
2024-12-02,697.1865655407447,4170038674
2024-12-03,682.937241701549,2302434132
2024-12-04,686.859909766319,4366778277
2024-12-05,687.1854251752532,3976538444
2024-12-06,687.8156078994966,4992831011
2024-12-09,695.456780370245,2401931656
2024-12-10,681.0038072373529,3620121117
2024-12-11,666.6970362572926,3615198918
2024-12-12,669.0291064098507,3419366417
2024-12-13,669.2979191548159,2898537470
2024-12-16,670.8739245832761,3852060199
2024-12-17,667.7927224575267,2696241381
2024-12-18,673.013722902402,3860094627
2024-12-19,680.2801831504692,2192136161
2024-12-20,684.2398763668639,4147204263
2024-12-23,682.6071011729643,4550851055
2024-12-24,667.2834087059217,2849992420
2024-12-25,673.2767439575723,4582303084
2024-12-26,682.7136169095784,3497757983
2024-12-27,687.9014679087334,3026807222
2024-12-30,681.6044782711957,2820681059
2024-12-31,687.0048034074922,3977012197
